username,phone,user_id
Inge,+52 (755) 125-1898,1
Denys,+355 (827) 536-6267,2
Teodoro,+62 (964) 272-1933,3
Jaquenette,+84 (788) 640-2657,4
Lewes,+86 (740) 590-3474,5
Perkin,+7 (391) 370-0309,6
Hortense,+381 (273) 233-0508,7
Omero,+967 (661) 177-0156,8
Mellie,+63 (618) 169-3320,9
Hetty,+1 (772) 887-0328,10
Cristabel,+27 (398) 390-2144,11
Denny,+1 (205) 453-5038,12
Elwood,+52 (499) 157-2866,13
Frasier,+351 (843) 570-7896,14
Hurleigh,+33 (230) 985-0785,15
Susann,+505 (877) 753-2465,16
Nikolia,+86 (479) 410-5014,17
Simone,+240 (521) 264-4488,18
Mordecai,+31 (937) 297-7605,19
Kippy,+86 (742) 830-3269,20
Lizabeth,+7 (114) 193-6691,21
Marian,+55 (393) 378-0903,22
Dennison,+359 (788) 529-3431,23
Gonzales,+86 (704) 608-8831,24
Horton,+62 (707) 224-3694,25
Shelba,+387 (168) 285-3812,26
Judas,+62 (958) 528-0965,27
Nanete,+358 (421) 110-6775,28
Cherilyn,+86 (942) 192-7511,29
Hector,+86 (967) 961-3414,30
Romonda,+86 (433) 247-8633,31
Katherine,+380 (634) 297-3947,32
Alasteir,+62 (406) 146-5067,33
Jodee,+86 (143) 841-3708,34
Penelope,+62 (250) 529-6808,35
Nickolaus,+62 (530) 930-1629,36
Tybi,+62 (558) 529-0971,37
Blaine,+63 (502) 723-1425,38
Ase,+356 (915) 148-2827,39
Demott,+7 (634) 543-0123,40
Shepherd,+86 (684) 527-7411,41
Gertie,+86 (484) 690-4194,42
Lind,+54 (725) 124-1007,43
Judy,+351 (406) 761-4959,44
Donna,+62 (194) 606-1940,45
Briny,+53 (532) 448-1742,46
Chrissy,+86 (262) 830-0697,47
Rodina,+351 (682) 985-0806,48
Erie,+62 (178) 680-1328,49
Anders,+351 (831) 373-7188,50
Noah,+86 (485) 803-6773,51
Elbert,+86 (390) 716-5852,52
Thornton,+976 (741) 330-3835,53
Lyell,+92 (231) 907-2493,54
Shaw,+49 (342) 882-0360,55
Candice,+63 (698) 857-2807,56
Alford,+33 (883) 550-3624,57
Maryjane,+86 (944) 740-0365,58
Christophe,+86 (614) 244-4179,59
Sydelle,+48 (394) 972-7419,60
Reynold,+33 (278) 794-9726,61
Donny,+62 (436) 935-2737,62
Didi,+380 (326) 128-6711,63
Winnie,+55 (808) 847-7078,64
Ashli,+237 (155) 842-9879,65
Jessee,+7 (321) 142-3284,66
Sergeant,+62 (155) 607-5982,67
Horst,+33 (233) 121-4483,68
Farlay,+86 (789) 507-4885,69
Monah,+63 (849) 782-8340,70
Sacha,+98 (155) 635-5791,71
Zandra,+7 (918) 813-1599,72
Evvy,+63 (724) 560-6966,73
Estelle,+34 (378) 788-2839,74
Fernandina,+55 (209) 296-7682,75
Quintin,+54 (265) 146-9468,76
Faustina,+86 (618) 274-1350,77
Robinette,+86 (424) 323-7351,78
Ricki,+380 (335) 638-9112,79
Meris,+48 (754) 723-6496,80
Orlando,+52 (758) 671-9546,81
Stevena,+1 (542) 367-6309,82
Julina,+685 (847) 169-1890,83
Lars,+975 (397) 523-4013,84
Krystle,+86 (419) 966-7199,85
Hana,+33 (802) 741-8888,86
Letitia,+234 (990) 428-1249,87
Elyssa,+63 (827) 407-6915,88
Jenilee,+51 (305) 113-3455,89
Reid,+1 (690) 772-8530,90
Llewellyn,+62 (750) 567-9330,91
Wilden,+269 (734) 758-8938,92
Titus,+7 (221) 454-6580,93
Lorianna,+47 (403) 120-5077,94
Bertina,+380 (474) 606-5320,95
Kirk,+1 (205) 436-5592,96
Liana,+54 (375) 460-5729,97
Franz,+81 (648) 359-7875,98
Obediah,+48 (909) 868-4314,99
Alexio,+86 (308) 143-6874,100
